AD,Andorra,FR,France,5897229
AD,Andorra,ES,Spain,42239854
AE,United Arab Emirates,OM,Oman,6100534
AE,United Arab Emirates,SA,Saudi Arabia,15899
AF,Afghanistan,CN,China,8889172
AF,Afghanistan,IR,Iran,1844209
AF,Afghanistan,PK,Pakistan,1861984
AF,Afghanistan,TJ,Tajikistan,9315243
AF,Afghanistan,TM,Turkmenistan,4584580
AF,Afghanistan,UZ,Uzbekistan,43914
AG,Antigua and Barbuda,,,8958960
AI,Anguilla,,,26439111
AL,Albania,GR,Greece,2497306
AL,Albania,ME,Montenegro,5375081
AL,Albania,MK,Macedonia,2245135
AL,Albania,RS,Republic of Serbia,3210847
AM,Armenia,AZ,Azerbaijan,9834673
AM,Armenia,GE,Georgia,7143223
AM,Armenia,IR,Iran,9450528
AM,Armenia,TR,Turkey,23251485
AO,Angola,CG,Republic of the Congo,609074
AO,Angola,CD,Democratic Republic of the Congo,6459298
AO,Angola,NA,Namibia,3112685
AO,Angola,ZM,Zambia,13712828
AQ,Antarctica,,,10994
AR,Argentina,BO,Bolivia,550484
AR,Argentina,BR,Brazil,3718087
AR,Argentina,CL,Chile,8719211
AR,Argentina,PY,Paraguay,2056827
AR,Argentina,UY,Uruguay,216422446
AS,American Samoa,,,412623
AT,Austria,CZ,Czech Republic,2069446
AT,Austria,DE,Germany,4226812
AT,Austria,HU,Hungary,9918505
AT,Austria,IT,Italy,8165048
AT,Austria,LI,Liechtenstein,6088725
AT,Austria,SK,Slovakia,8706252
AT,Austria,SI,Slovenia,3551425
AT,Austria,CH,Switzerland,7761619
AU,Australia,,,5742315
AW,Aruba,,,5953163
AX,Aland Islands,,,8796669
AZ,Azerbaijan,AM,Armenia,2288238
AZ,Azerbaijan,GE,Georgia,7192414
AZ,Azerbaijan,IR,Iran,7575819
AZ,Azerbaijan,RU,Russia,519460
AZ,Azerbaijan,TR,Turkey,1425671352
BA,Bosnia and Herzegovina,HR,Croatia,1147991
BA,Bosnia and Herzegovina,ME,Montenegro,2933781
BA,Bosnia and Herzegovina,RS,Republic of Serbia,11194449
BB,Barbados,,,598682
BD,Bangladesh,IN,India,6288506
BD,Bangladesh,MM,Myanmar,7327564
BE,Belgium,FR,France,7875767
BE,Belgium,DE,Germany,3983089
BE,Belgium,LU,Luxembourg,7978944
BE,Belgium,NL,Netherlands,1136455
BF,Burkina Faso,BJ,Benin,8596216
BF,Burkina Faso,CI,Ivory Coast,1907625
BF,Burkina Faso,GH,Ghana,9581789
BF,Burkina Faso,ML,Mali,2811546
BF,Burkina Faso,NE,Niger,4446756
BF,Burkina Faso,TG,Togo,1322765
BG,Bulgaria,GR,Greece,5042053
BG,Bulgaria,MK,Macedonia,2399440
BG,Bulgaria,RO,Romania,2953403
BG,Bulgaria,RS,Republic of Serbia,8547433
BG,Bulgaria,TR,Turkey,126527060
BH,Bahrain,,,5545475
BI,Burundi,CD,Democratic Republic of the Congo,4347284
BI,Burundi,RW,Rwanda,7661094
BI,Burundi,TZ,United Republic of Tanzania,1990555
BJ,Benin,BF,Burkina Faso,5160499
BJ,Benin,NE,Niger,3738350
BJ,Benin,NG,Nigeria,752581
BJ,Benin,TG,Togo,7568524
BL,Saint Barthelemy,,,126183
BM,Bermuda,,,3728282
BN,Brunei Darussalam,MY,Malaysia,312155
BO,Bolivia ,AR,Argentina,7351283
BO,Bolivia ,BR,Brazil,1557700
BO,Bolivia ,CL,Chile,6010416
BO,Bolivia ,PY,Paraguay,9610967
BO,Bolivia ,PE,Peru,8883992
BQ,Bonaire,,,14190612
BR,Brazil,AR,Argentina,9414147
BR,Brazil,BO,Bolivia,7280888
BR,Brazil,CO,Colombia,9745069
BR,Brazil,GF,French Guiana,3424665
BR,Brazil,GY,Guyana,2523645
BR,Brazil,PY,Paraguay,7970555
BR,Brazil,PE,Peru,2012599
BR,Brazil,SR,Suriname,4500208
BR,Brazil,UY,Uruguay,9512065
BR,Brazil,VE,Venezuela,6621904
BS,Bahamas,,,10593798
BT,Bhutan,CN,China,3641714
BT,Bhutan,IN,India,11724763
BV,Bouvet Island,,,10156239
BW,Botswana,NA,Namibia,9436847
BW,Botswana,ZA,South Africa,4777377
BW,Botswana,ZM,Zambia,2175304
BW,Botswana,ZW,Zimbabwe,84710
BY,Belarus,LV,Latvia,8883610
BY,Belarus,LT,Lithuania,2845777
BY,Belarus,PL,Poland,5274595
BY,Belarus,RU,Russia,7836240
BY,Belarus,UA,Ukraine,375318
BZ,Belize,GT,Guatemala,2011059
BZ,Belize,MX,Mexico,4079446
CA,Canada,US,United States of America,2825544
CC,Cocos  Islands,,,11337052
CD,Democratic Republic of the Congo ,AO,Angola,9667702
CD,Democratic Republic of the Congo ,BI,Burundi,2315944
CD,Democratic Republic of the Congo ,CF,Central African Republic,679173
CD,Democratic Republic of the Congo ,CG,Republic of the Congo,6145084
CD,Democratic Republic of the Congo ,RW,Rwanda,2814192
CD,Democratic Republic of the Congo ,SS,South Sudan,8402600
CD,Democratic Republic of the Congo ,TZ,United Republic of Tanzania,1785458
CD,Democratic Republic of the Congo ,UG,Uganda,2325572
CD,Democratic Republic of the Congo ,ZM,Zambia,4597039
CF,Central African Republic,CM,Cameroon,4831071
CF,Central African Republic,TD,Chad,4240592
CF,Central African Republic,CG,Republic of the Congo,3501066
CF,Central African Republic,CD,Democratic Republic of the Congo,7394947
CF,Central African Republic,SS,South Sudan,4072455
CF,Central African Republic,SD,Sudan,180251
CG,Republic of the Congo,AO,Angola,9308475
CG,Republic of the Congo,CM,Cameroon,6693128
CG,Republic of the Congo,CF,Central African Republic,6838159
CG,Republic of the Congo,CD,Democratic Republic of the Congo,1908112
CG,Republic of the Congo,GA,Gabon,2718352
CH,Switzerland,AT,Austria,2657960
CH,Switzerland,FR,France,8055005
CH,Switzerland,DE,Germany,6351010
CH,Switzerland,IT,Italy,9850584
CH,Switzerland,LI,Liechtenstein,36297
CI,Ivory Coast,BF,Burkina Faso,8484650
CI,Ivory Coast,GH,Ghana,4806605
CI,Ivory Coast,GN,Guinea,2569550
CI,Ivory Coast,LR,Liberia,5055149
CI,Ivory Coast,ML,Mali,41996
CK,Cook Islands,,,4569048
CL,Chile,AR,Argentina,822095
CL,Chile,BO,Bolivia,4895740
CL,Chile,PE,Peru,3447157
CM,Cameroon,CF,Central African Republic,4270590
CM,Cameroon,TD,Chad,5162606
CM,Cameroon,CG,Republic of the Congo,6024146
CM,Cameroon,GQ,Equatorial Guinea,4465630
CM,Cameroon,GA,Gabon,8038762
CM,Cameroon,NG,Nigeria,535064
CN,China,AF,Afghanistan,2371433
CN,China,BT,Bhutan,9650983
CN,China,HK,Hong Kong,738203
CN,China,IN,India,8261821
CN,China,KZ,Kazakhstan,3414073
CN,China,KP,North Korea,3294630
CN,China,KG,Kyrgyzstan,4504651
CN,China,LA,Laos,164773
CN,China,MO,Macao,3675047
CN,China,MN,Mongolia,2768582
CN,China,MM,Myanmar,1443530
CN,China,NP,Nepal,3154843
CN,China,PK,Pakistan,8261058
CN,China,RU,Russia,4375081
CN,China,TJ,Tajikistan,6823624
CN,China,VN,Viet Nam,12780
CO,Colombia,BR,Brazil,135170
CO,Colombia,EC,Ecuador,6471150
CO,Colombia,PA,Panama,8797233
CO,Colombia,PE,Peru,7846616
CO,Colombia,VE,Venezuela,34352719
CR,Costa Rica,NI,Nicaragua,9614434
CR,Costa Rica,PA,Panama,10329931
CU,Cuba,,,117337368
CV,Cabo Verde,,,240485658
CW,Curacao,,,41026067
CX,Christmas Island,,,613290
CY,Cyprus,,,6271884
CZ,Czech Republic,AT,Austria,9526591
CZ,Czech Republic,DE,Germany,9971249
CZ,Czech Republic,PL,Poland,2879326
CZ,Czech Republic,SK,Slovakia,18058
DE,Germany,AT,Austria,7817746
DE,Germany,BE,Belgium,7052456
DE,Germany,CZ,Czech Republic,1702907
DE,Germany,DK,Denmark,1528187
DE,Germany,FR,France,5298986
DE,Germany,LU,Luxembourg,638709
DE,Germany,NL,Netherlands,2346995
DE,Germany,PL,Poland,1682296
DE,Germany,CH,Switzerland,740424
DJ,Djibouti,ER,Eritrea,2817850
DJ,Djibouti,ET,Ethiopia,7982312
DJ,Djibouti,SO,Somalia,10612086
DK,Denmark,DE,Germany,6014723
DM,Dominica,,,5314
DO,Dominican Republic,HT,Haiti,2119675
DZ,Algeria,LY,Libya,2495443
DZ,Algeria,ML,Mali,7942285
DZ,Algeria,MR,Mauritania,9220499
DZ,Algeria,MA,Morocco,3328567
DZ,Algeria,NE,Niger,9451711
DZ,Algeria,TN,Tunisia,907228
DZ,Algeria,EH,Western Sahara,623236
EC,Ecuador,CO,Colombia,9615902
EC,Ecuador,PE,Peru,7360414
EE,Estonia,LV,Latvia,1334614
EE,Estonia,RU,Russia,23227014
EG,Egypt,IL,Israel,1505738
EG,Egypt,LY,Libya,5930851
EG,Egypt,PS,Palestine,8496589
EG,Egypt,SD,Sudan,8705445
EH,Western Sahara,DZ,Algeria,2260108
EH,Western Sahara,MR,Mauritania,7612461
EH,Western Sahara,MA,Morocco,10143543
ER,Eritrea,DJ,Djibouti,184583
ER,Eritrea,ET,Ethiopia,3353904
ER,Eritrea,SD,Sudan,6516100
ES,Spain,AD,Andorra,7545817
ES,Spain,FR,France,9723334
ES,Spain,GI,Gibraltar,6486409
ES,Spain,MA,Morocco,3017086
ES,Spain,PT,Portugal,11396
ET,Ethiopia,DJ,Djibouti,1498545
ET,Ethiopia,ER,Eritrea,5381760
ET,Ethiopia,KE,Kenya,3975662
ET,Ethiopia,SO,Somalia,1604483
ET,Ethiopia,SS,South Sudan,8400739
ET,Ethiopia,SD,Sudan,5621101
FI,Finland,NO,Norway,189887
FI,Finland,RU,Russia,8066929
FI,Finland,SE,Sweden,518
FJ,Fiji,,,3046383
FK,Falkland Islands ,,,7377980
FM,Micronesia ,,,5745172
FO,Faroe Islands,,,6435154
FR,France,AD,Andorra,7114756
FR,France,BE,Belgium,3977049
FR,France,DE,Germany,3998139
FR,France,IT,Italy,9883150
FR,France,LU,Luxembourg,544072
FR,France,MC,Monaco,7663196
FR,France,ES,Spain,9062389
FR,France,CH,Switzerland,16665409
GA,Gabon,CM,Cameroon,3946893
GA,Gabon,CG,Republic of the Congo,2646866
GA,Gabon,GQ,Equatorial Guinea,2483873
GB,United Kingdom of Great Britain and Northern Ireland,IE,Ireland,7574181
GD,Grenada,,,4844439
GE,Georgia,AM,Armenia,6773158
GE,Georgia,AZ,Azerbaijan,7528786
GE,Georgia,RU,Russia,9693955
GE,Georgia,TR,Turkey,2825943
GF,French Guiana,BR,Brazil,5600013
GF,French Guiana,SR,Suriname,7837961
GG,Guernsey,,,1408127
GH,Ghana,BF,Burkina Faso,1247006
GH,Ghana,CI,Ivory Coast,3085938
GH,Ghana,TG,Togo,8564622
GI,Gibraltar,ES,Spain,1643870
GL,Greenland,,,8082936
GM,Gambia ,SN,Senegal,9848527
GN,Guinea,CI,Ivory Coast,7022462
GN,Guinea,GW,Guinea-Bissau,7833286
GN,Guinea,LR,Liberia,7820200
GN,Guinea,ML,Mali,3296723
GN,Guinea,SN,Senegal,7650956
GN,Guinea,SL,Sierra Leone,3479805
GP,Guadeloupe,,,8427009
GQ,Equatorial Guinea,CM,Cameroon,4112046
GQ,Equatorial Guinea,GA,Gabon,1911512
GR,Greece,AL,Albania,777254
GR,Greece,BG,Bulgaria,8783306
GR,Greece,MK,Macedonia,6426599
GR,Greece,TR,Turkey,7190500
GS,South Georgia and the South Sandwich Islands,,,3725647
GT,Guatemala,BZ,Belize,2501899
GT,Guatemala,SV,El Salvador,668582
GT,Guatemala,HN,Honduras,1831894
GT,Guatemala,MX,Mexico,8236397
GU,Guam,,,8157189
GW,Guinea-Bissau,GN,Guinea,690541
GW,Guinea-Bissau,SN,Senegal,9900493
GY,Guyana,BR,Brazil,6580155
GY,Guyana,SR,Suriname,453795
GY,Guyana,VE,Venezuela,9535303
HK,Hong Kong,CN,China,7839701
HM,Heard Island and McDonald Islands,,,1393816
HN,Honduras,SV,El Salvador,8558178
HN,Honduras,GT,Guatemala,8864779
HN,Honduras,NI,Nicaragua,5720092
HR,Croatia,BA,Bosnia and Herzegovina,7857568
HR,Croatia,HU,Hungary,3515456
HR,Croatia,ME,Montenegro,1913794
HR,Croatia,RS,Republic of Serbia,6220629
HR,Croatia,SI,Slovenia,1067276
HT,Haiti,DO,Dominican Republic,8180522
HU,Hungary,AT,Austria,7253563
HU,Hungary,HR,Croatia,2620577
HU,Hungary,RO,Romania,2888351
HU,Hungary,RS,Republic of Serbia,9127758
HU,Hungary,SK,Slovakia,7789949
HU,Hungary,SI,Slovenia,4585030
HU,Hungary,UA,Ukraine,1318184
ID,Indonesia,MY,Malaysia,3050906
ID,Indonesia,PG,Papua New Guinea,9285691
ID,Indonesia,TL,Timor-Leste,3983005
IE,Ireland,GB,United Kingdom of Great Britain and Northern Ireland,2514605
IL,Israel,EG,Egypt,2000711
IL,Israel,JO,Jordan,8785919
IL,Israel,LB,Lebanon,1047270
IL,Israel,PS,Palestine,8670564
IL,Israel,SY,Syria,9361470
IM,Isle of Man,,,3300162
IN,India,BD,Bangladesh,4289237
IN,India,BT,Bhutan,280947
IN,India,CN,China,8046069
IN,India,MM,Myanmar,1808263
IN,India,NP,Nepal,7015278
IN,India,PK,Pakistan,7081
IO,British Indian Ocean Territory,,,2629071
IQ,Iraq,IR,Iran,5469703
IQ,Iraq,JO,Jordan,9120072
IQ,Iraq,KW,Kuwait,1074714
IQ,Iraq,SA,Saudi Arabia,3351028
IQ,Iraq,SY,Syria,4822435
IQ,Iraq,TR,Turkey,6867624
IR,Iran ,AF,Afghanistan,38148
IR,Iran ,AM,Armenia,7872326
IR,Iran ,AZ,Azerbaijan,306359
IR,Iran ,IQ,Iraq,5373226
IR,Iran ,PK,Pakistan,4821561
IR,Iran ,TR,Turkey,7666415
IR,Iran ,TM,Turkmenistan,8169717
IS,Iceland,,,3240520
IT,Italy,AT,Austria,536530
IT,Italy,FR,France,152518
IT,Italy,SM,San Marino,1742681
IT,Italy,SI,Slovenia,5441238
IT,Italy,CH,Switzerland,2601295
IT,Italy,VA,Holy See,3857043
JE,Jersey,,,2022611
JM,Jamaica,,,7618826
JO,Jordan,IQ,Iraq,4864780
JO,Jordan,IL,Israel,5053471
JO,Jordan,PS,Palestine,1249860
JO,Jordan,SA,Saudi Arabia,2586354
JO,Jordan,SY,Syria,8739920
JP,Japan,,,2330031
KE,Kenya,ET,Ethiopia,1483592
KE,Kenya,SO,Somalia,4061788
KE,Kenya,SS,South Sudan,324362
KE,Kenya,TZ,United Republic of Tanzania,5240561
KE,Kenya,UG,Uganda,9965388
KG,Kyrgyzstan,CN,China,4098499
KG,Kyrgyzstan,KZ,Kazakhstan,6683713
KG,Kyrgyzstan,TJ,Tajikistan,4320430
KG,Kyrgyzstan,UZ,Uzbekistan,499405
KH,Cambodia,LA,Laos,1953850
KH,Cambodia,TH,Thailand,1366710
KH,Cambodia,VN,Viet Nam,1353892
KI,Kiribati,,,7881114
KM,Comoros,,,7249116
KN,Saint Kitts and Nevis,,,3194776
KP,North Korea ,CN,China,3628829
KP,North Korea ,KR,South Korea,593599
KP,North Korea ,RU,Russia,3690808
KR,South Korea ,KP,North Korea,2372787
KW,Kuwait,IQ,Iraq,7660154
KW,Kuwait,SA,Saudi Arabia,7070895
KY,Cayman Islands,,,2023296
KZ,Kazakhstan,CN,China,7155355
KZ,Kazakhstan,KG,Kyrgyzstan,5724635
KZ,Kazakhstan,RU,Russia,8039006
KZ,Kazakhstan,TM,Turkmenistan,2156497
KZ,Kazakhstan,UZ,Uzbekistan,7737059
LA,Laos,CN,China,5943171
LA,Laos,KH,Cambodia,8471494
LA,Laos,MM,Myanmar,4198218
LA,Laos,TH,Thailand,7946411
LA,Laos,VN,Viet Nam,4507912
LB,Lebanon,IL,Israel,1985092
LB,Lebanon,SY,Syria,8594629
LC,Saint Lucia,,,9095558
LI,Liechtenstein,AT,Austria,7961624
LI,Liechtenstein,CH,Switzerland,907972
LK,Sri Lanka,,,6015464
LR,Liberia,CI,Ivory Coast,7373207
LR,Liberia,GN,Guinea,2153167
LR,Liberia,SL,Sierra Leone,236349
LS,Lesotho,ZA,South Africa,7737074
LT,Lithuania,BY,Belarus,9740552
LT,Lithuania,LV,Latvia,1796691
LT,Lithuania,PL,Poland,8219628
LT,Lithuania,RU,Russia,8260364
LU,Luxembourg,BE,Belgium,5009833
LU,Luxembourg,DE,Germany,6306485
LU,Luxembourg,FR,France,2833749
LV,Latvia,BY,Belarus,6807043
LV,Latvia,EE,Estonia,352483
LV,Latvia,LT,Lithuania,2900017
LV,Latvia,RU,Russia,8329518
LY,Libya,DZ,Algeria,5438714
LY,Libya,TD,Chad,4511169
LY,Libya,EG,Egypt,7370330
LY,Libya,NE,Niger,1279177
LY,Libya,SD,Sudan,3226672
LY,Libya,TN,Tunisia,6103314
MA,Morocco,DZ,Algeria,9227317
MA,Morocco,ES,Spain,8121983
MA,Morocco,EH,Western Sahara,6867388
MC,Monaco,FR,France,762964
MD,Moldova ,RO,Romania,5894236
MD,Moldova ,UA,Ukraine,6247534
ME,Montenegro,AL,Albania,4488956
ME,Montenegro,BA,Bosnia and Herzegovina,6210450
ME,Montenegro,HR,Croatia,6237977
ME,Montenegro,RS,Republic of Serbia,5003339
MF,Saint Martin ,SX,Sint Maarten,7594111
MG,Madagascar,,,4846701
MH,Marshall Islands,,,7483368
MK,Macedonia,AL,Albania,3790038
MK,Macedonia,BG,Bulgaria,1772737
MK,Macedonia,GR,Greece,2288444
MK,Macedonia,RS,Republic of Serbia,3632820
ML,Mali,DZ,Algeria,6476905
ML,Mali,BF,Burkina Faso,9113506
ML,Mali,CI,Ivory Coast,3317372
ML,Mali,GN,Guinea,1973036
ML,Mali,MR,Mauritania,8836434
ML,Mali,NE,Niger,8033491
ML,Mali,SN,Senegal,2897355
MM,Myanmar,BD,Bangladesh,5766268
MM,Myanmar,CN,China,4099656
MM,Myanmar,IN,India,3352966
MM,Myanmar,LA,Laos,8269314
MM,Myanmar,TH,Thailand,5215443
MN,Mongolia,CN,China,3686664
MN,Mongolia,RU,Russia,3816913
MO,Macao,CN,China,3675931
MP,Northern Mariana Islands,,,4800797
MQ,Martinique,,,4333978
MR,Mauritania,DZ,Algeria,4880514
MR,Mauritania,ML,Mali,4216406
MR,Mauritania,SN,Senegal,4086016
MR,Mauritania,EH,Western Sahara,639093
MS,Montserrat,,,586052
MT,Malta,,,9520697
MU,Mauritius,,,8821617
MV,Maldives,,,1133187
MW,Malawi,MZ,Mozambique,4367458
MW,Malawi,TZ,United Republic of Tanzania,4655904
MW,Malawi,ZM,Zambia,6596106
MX,Mexico,BZ,Belize,5014268
MX,Mexico,GT,Guatemala,1889479
MX,Mexico,US,United States of America,2305087
MY,Malaysia,BN,Brunei Darussalam,2975947
MY,Malaysia,ID,Indonesia,3530094
MY,Malaysia,TH,Thailand,3207369
MZ,Mozambique,MW,Malawi,1577545
MZ,Mozambique,SZ,Eswatini,1449269
MZ,Mozambique,ZA,South Africa,7042559
MZ,Mozambique,TZ,United Republic of Tanzania,6228919
MZ,Mozambique,ZM,Zambia,6549376
MZ,Mozambique,ZW,Zimbabwe,5420268
NA,Namibia,AO,Angola,8387361
NA,Namibia,BW,Botswana,2689407
NA,Namibia,ZA,South Africa,7123000
NA,Namibia,ZM,Zambia,6002399
NC,New Caledonia,,,2354793
NE,Niger,DZ,Algeria,4199026
NE,Niger,BJ,Benin,6968868
NE,Niger,BF,Burkina Faso,2144247
NE,Niger,TD,Chad,6683631
NE,Niger,LY,Libya,620410
NE,Niger,ML,Mali,8191255
NE,Niger,NG,Nigeria,5505452
NF,Norfolk Island,,,298875
NG,Nigeria,BJ,Benin,3940671
NG,Nigeria,CM,Cameroon,870760
NG,Nigeria,TD,Chad,9567434
NG,Nigeria,NE,Niger,2248095
NI,Nicaragua,CR,Costa Rica,3864958
NI,Nicaragua,HN,Honduras,4791869
NL,Netherlands,BE,Belgium,8480172
NL,Netherlands,DE,Germany,5851211
NO,Norway,FI,Finland,8396177
NO,Norway,RU,Russia,9226342
NO,Norway,SE,Sweden,3136127
NP,Nepal,CN,China,5486227
NP,Nepal,IN,India,6068072
NR,Nauru,,,3507965
NU,Niue,,,2364640
NZ,New Zealand,,,5971909
OM,Oman,AE,United Arab Emirates,7438093
OM,Oman,SA,Saudi Arabia,3027174
OM,Oman,YE,Yemen,3295690
PA,Panama,CO,Colombia,9999673
PA,Panama,CR,Costa Rica,2130605
PE,Peru,BO,Bolivia,9356873
PE,Peru,BR,Brazil,9060641
PE,Peru,CL,Chile,6307288
PE,Peru,CO,Colombia,7292187
PE,Peru,EC,Ecuador,8913406
PF,French Polynesia,,,6393436
PG,Papua New Guinea,ID,Indonesia,8188409
PH,Philippines,,,6119804
PK,Pakistan,AF,Afghanistan,4446197
PK,Pakistan,CN,China,9774539
PK,Pakistan,IN,India,7309664
PK,Pakistan,IR,Iran,2091458
PL,Poland,BY,Belarus,789762
PL,Poland,CZ,Czech Republic,4702010
PL,Poland,DE,Germany,8261606
PL,Poland,LT,Lithuania,2366014
PL,Poland,RU,Russia,4366538
PL,Poland,SK,Slovakia,8310140
PL,Poland,UA,Ukraine,4896827
PM,Saint Pierre and Miquelon,,,7351570
PN,Pitcairn,,,2975539
PR,Puerto Rico,,,2011539
PS,Palestine,EG,Egypt,1988596
PS,Palestine,IL,Israel,9909008
PS,Palestine,JO,Jordan,9753576
PT,Portugal,ES,Spain,1517435
PW,Palau,,,8322460
PY,Paraguay,AR,Argentina,9910242
PY,Paraguay,BO,Bolivia,6995407
PY,Paraguay,BR,Brazil,1183185
QA,Qatar,SA,Saudi Arabia,6779846
RE,Reunion,,,4515806
RO,Romania,BG,Bulgaria,1888374
RO,Romania,HU,Hungary,475649
RO,Romania,MD,Moldova,6179856
RO,Romania,RS,Republic of Serbia,832249
RO,Romania,UA,Ukraine,9924259
RS,Republic of Serbia,AL,Albania,1922432
RS,Republic of Serbia,BA,Bosnia and Herzegovina,1645164
RS,Republic of Serbia,BG,Bulgaria,5237303
RS,Republic of Serbia,HR,Croatia,9087743
RS,Republic of Serbia,HU,Hungary,8009790
RS,Republic of Serbia,ME,Montenegro,9233621
RS,Republic of Serbia,MK,Macedonia,6265775
RS,Republic of Serbia,RO,Romania,1777175
RU,Russia,AZ,Azerbaijan,2216108
RU,Russia,BY,Belarus,8726066
RU,Russia,CN,China,4984038
RU,Russia,EE,Estonia,8501053
RU,Russia,FI,Finland,5063135
RU,Russia,GE,Georgia,3523220
RU,Russia,KZ,Kazakhstan,2046828
RU,Russia,KP,North Korea,5038228
RU,Russia,LV,Latvia,7050537
RU,Russia,LT,Lithuania,814499
RU,Russia,MN,Mongolia,8913559
RU,Russia,NO,Norway,3696514
RU,Russia,PL,Poland,9247149
RU,Russia,UA,Ukraine,7947961
RW,Rwanda,BI,Burundi,5909006
RW,Rwanda,CD,Democratic Republic of the Congo,6828317
RW,Rwanda,TZ,United Republic of Tanzania,9545596
RW,Rwanda,UG,Uganda,5211860
SA,Saudi Arabia,IQ,Iraq,9707203
SA,Saudi Arabia,JO,Jordan,8701032
SA,Saudi Arabia,KW,Kuwait,130318
SA,Saudi Arabia,OM,Oman,1109431
SA,Saudi Arabia,QA,Qatar,1428302
SA,Saudi Arabia,AE,United Arab Emirates,5136844
SA,Saudi Arabia,YE,Yemen,6886268
SB,Solomon Islands,,,659410
SC,Seychelles,,,7352164
SD,Sudan,CF,Central African Republic,1171164
SD,Sudan,TD,Chad,3810672
SD,Sudan,EG,Egypt,1993292
SD,Sudan,ET,Ethiopia,9779680
SD,Sudan,ER,Eritrea,1615021
SD,Sudan,LY,Libya,8800736
SD,Sudan,SS,South Sudan,1970961
SE,Sweden,FI,Finland,1346550
SE,Sweden,NO,Norway,9356274
SG,Singapore,,,2143514
SH,Saint Helena,,,6680999
SI,Slovenia,AT,Austria,1397663
SI,Slovenia,HR,Croatia,9840776
SI,Slovenia,HU,Hungary,6328661
SI,Slovenia,IT,Italy,9450415
SJ,Svalbard and Jan Mayen,,,4592152
SK,Slovakia,AT,Austria,8019318
SK,Slovakia,CZ,Czech Republic,3409509
SK,Slovakia,HU,Hungary,8276146
SK,Slovakia,PL,Poland,8515076
SK,Slovakia,UA,Ukraine,8977148
SL,Sierra Leone,GN,Guinea,2792966
SL,Sierra Leone,LR,Liberia,4880071
SM,San Marino,IT,Italy,4730243
SN,Senegal,GM,Gambia,123400
SN,Senegal,GN,Guinea,6430189
SN,Senegal,GW,Guinea-Bissau,8520260
SN,Senegal,ML,Mali,3402611
SN,Senegal,MR,Mauritania,4192870
SO,Somalia,DJ,Djibouti,4587156
SO,Somalia,ET,Ethiopia,4576912
SO,Somalia,KE,Kenya,9476414
SR,Suriname,BR,Brazil,664146
SR,Suriname,GF,French Guiana,986547
SR,Suriname,GY,Guyana,4315468
SS,South Sudan,CF,Central African Republic,6497906
SS,South Sudan,CD,Democratic Republic of the Congo,2108764
SS,South Sudan,ET,Ethiopia,6046614
SS,South Sudan,KE,Kenya,6454062
SS,South Sudan,SD,Sudan,7675871
SS,South Sudan,UG,Uganda,7707592
ST,Sao Tome and Principe,,,2277013
SV,El Salvador,GT,Guatemala,703599
SV,El Salvador,HN,Honduras,6640367
SY,Syria,IQ,Iraq,2932855
SY,Syria,IL,Israel,4654261
SY,Syria,JO,Jordan,2468760
SY,Syria,LB,Lebanon,3262854
SY,Syria,TR,Turkey,3599707
SZ,Eswatini,MZ,Mozambique,8271206
SZ,Eswatini,ZA,South Africa,7531002
TC,Turks and Caicos Islands,,,8701852
TD,Chad,CM,Cameroon,8085733
TD,Chad,CF,Central African Republic,5552418
TD,Chad,LY,Libya,9331700
TD,Chad,NE,Niger,8365853
TD,Chad,NG,Nigeria,1666173
TD,Chad,SD,Sudan,7837887
TF,French Southern Territories,,,5123118
TG,Togo,BJ,Benin,8845286
TG,Togo,BF,Burkina Faso,6042550
TG,Togo,GH,Ghana,149121
TH,Thailand,KH,Cambodia,4416771
TH,Thailand,LA,Laos,9690767
TH,Thailand,MY,Malaysia,1157483
TH,Thailand,MM,Myanmar,8026321
TJ,Tajikistan,AF,Afghanistan,9346248
TJ,Tajikistan,CN,China,2534768
TJ,Tajikistan,KG,Kyrgyzstan,2108445
TJ,Tajikistan,UZ,Uzbekistan,4092233
TK,Tokelau,,,4243859
TL,Timor-Leste,ID,Indonesia,2117722
TM,Turkmenistan,AF,Afghanistan,3487894
TM,Turkmenistan,IR,Iran,9980854
TM,Turkmenistan,KZ,Kazakhstan,5615445
TM,Turkmenistan,UZ,Uzbekistan,9398008
TN,Tunisia,DZ,Algeria,2150146
TN,Tunisia,LY,Libya,3004257
TO,Tonga,,,5806345
TR,Turkey,AM,Armenia,5381869
TR,Turkey,AZ,Azerbaijan,8996412
TR,Turkey,BG,Bulgaria,9668468
TR,Turkey,GE,Georgia,529551
TR,Turkey,GR,Greece,592683
TR,Turkey,IR,Iran,3577283
TR,Turkey,IQ,Iraq,455066
TR,Turkey,SY,Syria,9869413
TT,Trinidad and Tobago,,,1081045
TV,Tuvalu,,,6420437
TW,Taiwan ,,,8534085
TZ,United Republic of Tanzania ,BI,Burundi,9277646
TZ,United Republic of Tanzania ,CD,Democratic Republic of the Congo,6702025
TZ,United Republic of Tanzania ,KE,Kenya,1817632
TZ,United Republic of Tanzania ,MW,Malawi,6211618
TZ,United Republic of Tanzania ,MZ,Mozambique,5278510
TZ,United Republic of Tanzania ,RW,Rwanda,8764522
TZ,United Republic of Tanzania ,UG,Uganda,5536753
TZ,United Republic of Tanzania ,ZM,Zambia,1590387
UA,Ukraine,BY,Belarus,2179467
UA,Ukraine,HU,Hungary,4792104
UA,Ukraine,MD,Moldova,8140621
UA,Ukraine,PL,Poland,6283696
UA,Ukraine,RO,Romania,6903777
UA,Ukraine,RU,Russia,9368893
UA,Ukraine,SK,Slovakia,9327158
UG,Uganda,CD,Democratic Republic of the Congo,8507917
UG,Uganda,KE,Kenya,3588154
UG,Uganda,RW,Rwanda,5516588
UG,Uganda,SS,South Sudan,6037936
UG,Uganda,TZ,United Republic of Tanzania,9364413
UM,United States Minor Outlying Islands,,,3794070
US,United States of America,CA,Canada,7199526
US,United States of America,MX,Mexico,3383157
UY,Uruguay,AR,Argentina,6766649
UY,Uruguay,BR,Brazil,7426982
UZ,Uzbekistan,AF,Afghanistan,8623900
UZ,Uzbekistan,KZ,Kazakhstan,806918
UZ,Uzbekistan,KG,Kyrgyzstan,4816214
UZ,Uzbekistan,TJ,Tajikistan,5339301
UZ,Uzbekistan,TM,Turkmenistan,5676053
VA,Holy See,IT,Italy,7918809
VC,Saint Vincent and the Grenadines,,,9254682
VE,Venezuela ,BR,Brazil,4820059
VE,Venezuela ,CO,Colombia,9345955
VE,Venezuela ,GY,Guyana,8725440
VG,Virgin Islands ,,,1805190
VI,Virgin Islands ,,,5613079
VN,Viet Nam,KH,Cambodia,9209599
VN,Viet Nam,CN,China,7897171
VN,Viet Nam,LA,Laos,8209167
VU,Vanuatu,,,5576025
WF,Wallis and Futuna,,,1372717
WS,Samoa,,,2231316
YE,Yemen,OM,Oman,4345867
YE,Yemen,SA,Saudi Arabia,5837878
YT,Mayotte,,,2988613
ZA,South Africa,BW,Botswana,1920851
ZA,South Africa,LS,Lesotho,1122564
ZA,South Africa,MZ,Mozambique,2058727
ZA,South Africa,NA,Namibia,8793349
ZA,South Africa,SZ,Eswatini,4116785
ZA,South Africa,ZW,Zimbabwe,1390900
ZM,Zambia,AO,Angola,1757640
ZM,Zambia,BW,Botswana,3567922
ZM,Zambia,CD,Democratic Republic of the Congo,7516642
ZM,Zambia,MW,Malawi,6721904
ZM,Zambia,MZ,Mozambique,1219538
ZM,Zambia,NA,Namibia,2999727
ZM,Zambia,TZ,United Republic of Tanzania,5352306
ZM,Zambia,ZW,Zimbabwe,131986
ZW,Zimbabwe,BW,Botswana,5208952
ZW,Zimbabwe,MZ,Mozambique,5842431
ZW,Zimbabwe,ZA,South Africa,2359973
ZW,Zimbabwe,ZM,Zambia,
